{
  "empathy": {
    "mse": 0.00024101899180095643,
    "mae": 0.01545234676450491,
    "r2": 0.0
  },
  "informativeness": {
    "mse": 0.0021217826288193464,
    "mae": 0.045999716967344284,
    "r2": 0.0
  },
  "recommendation": {
    "mse": 0.0006007712217979133,
    "mae": 0.024443745613098145,
    "r2": 0.0
  },
  "engagement": {
    "mse": 0.0021217826288193464,
    "mae": 0.045999716967344284,
    "r2": 0.0
  },
  "overall": {
    "mse": 0.0034883511252701283,
    "mae": 0.05900130793452263,
    "r2": 0.0
  },
  "bleu": {
    "mse": 0.00020187908376101404,
    "mae": 0.014143320731818676,
    "r2": 0.0
  }
}